{"cameraMode":{"drawMode":0,"name":"Shaded","section":"Shading Mode"},"sceneLighting":false,"audioPlay":false,"sceneViewState":{"showFog":true,"showMaterialUpdate":false,"showSkybox":false,"showFlares":true,"showImageEffects":true,"showParticleSystems":true},"in2DMode":false,"pivot":{"x":0.26576828956604006,"y":0.13479295372962953,"z":-0.67531418800354},"rotation":{"x":-0.03614208102226257,"y":0.9545373320579529,"z":0.1296565979719162,"w":0.26602044701576235},"size":0.4992159605026245,"orthographic":false}