{"cameraMode":{"drawMode":0,"name":"Shaded","section":"Shading Mode"},"sceneLighting":false,"audioPlay":false,"sceneViewState":{"showFog":true,"showMaterialUpdate":false,"showSkybox":false,"showFlares":true,"showImageEffects":true,"showParticleSystems":true},"in2DMode":false,"pivot":{"x":-0.009802430868148804,"y":-0.29699957370758059,"z":0.20460213720798493},"rotation":{"x":-0.5314410924911499,"y":0.22647374868392945,"z":-0.14999151229858399,"w":-0.8023802042007446},"size":0.45711958408355715,"orthographic":false}